case_id,panel,substrate_name,substrate_smiles,substrate_inchikey,substrate_block1,expected_product_name,expected_product_smiles,expected_product_inchikey,expected_product_block1,reaction_family,reference,substrate_formula,substrate_exact_mass,substrate_pubchem_cid,expected_product_formula,expected_product_exact_mass,expected_product_pubchem_cid,challenge_role,expected_difficulty
rutin_quercetin,core,rutin,C[C@@H]1O[C@@H](OC[C@H]2O[C@@H](Oc3c(-c4ccc(O)c(O)c4)oc4cc(O)cc(O)c4c3=O)[C@H](O)[C@@H](O)[C@@H]2O)[C@H](O)[C@H](O)[C@H]1O,IKGXIBQEEMLURG-NVPNHPEKSA-N,IKGXIBQEEMLURG,quercetin,O=c1c(O)c(-c2ccc(O)c(O)c2)oc2cc(O)cc(O)c12,REFJWTPEDVJJIY-UHFFFAOYSA-N,REFJWTPEDVJJIY,glycoside_hydrolysis,PMID:9875509,C27H30O16,610.153385,5280805,C15H10O7,302.042653,5280343,,
quercitrin_quercetin,core,quercitrin,C[C@@H]1O[C@@H](Oc2c(-c3ccc(O)c(O)c3)oc3cc(O)cc(O)c3c2=O)[C@H](O)[C@H](O)[C@H]1O,OXGUCUVFOIWWQJ-HQBVPOQASA-N,OXGUCUVFOIWWQJ,quercetin,O=c1c(O)c(-c2ccc(O)c(O)c2)oc2cc(O)cc(O)c12,REFJWTPEDVJJIY-UHFFFAOYSA-N,REFJWTPEDVJJIY,glycoside_hydrolysis,PMID:3435494,C21H20O11,448.100561,5280459,C15H10O7,302.042653,5280343,,
naringin_naringenin,core,naringin,C[C@@H]1O[C@@H](O[C@H]2[C@H](Oc3cc(O)c4c(c3)O[C@H](c3ccc(O)cc3)CC4=O)O[C@H](CO)[C@@H](O)[C@@H]2O)[C@H](O)[C@H](O)[C@H]1O,DFPMSGMNTNDNHN-ZPHOTFPESA-N,DFPMSGMNTNDNHN,naringenin,O=C1C[C@@H](c2ccc(O)cc2)Oc2cc(O)cc(O)c21,FTVWIRXFELQLPI-ZDUSSCGKSA-N,FTVWIRXFELQLPI,glycoside_hydrolysis,PMID:26505733,C27H32O14,580.179206,442428,C15H12O5,272.068473,439246,,
hesperidin_hesperetin,core,hesperidin,COc1ccc([C@@H]2CC(=O)c3c(O)cc(O[C@@H]4O[C@H](CO[C@@H]5O[C@@H](C)[C@H](O)[C@@H](O)[C@H]5O)[C@@H](O)[C@H](O)[C@H]4O)cc3O2)cc1O,QUQPHWDTPGMPEX-QJBIFVCTSA-N,QUQPHWDTPGMPEX,hesperetin,COc1ccc([C@@H]2CC(=O)c3c(O)cc(O)cc3O2)cc1O,AIONOLUJZLIMTK-AWEZNQCLSA-N,AIONOLUJZLIMTK,glycoside_hydrolysis,PMID:26505733,C28H34O15,610.18977,10621,C16H14O6,302.079038,72281,,
daidzin_daidzein,core,daidzin,O=c1c(-c2ccc(O)cc2)coc2cc(O[C@@H]3O[C@H](CO)[C@@H](O)[C@H](O)[C@H]3O)ccc12,KYQZWONCHDNPDP-QNDFHXLGSA-N,KYQZWONCHDNPDP,daidzein,O=c1c(-c2ccc(O)cc2)coc2cc(O)ccc12,ZQSIJRDFPHDXIC-UHFFFAOYSA-N,ZQSIJRDFPHDXIC,glycoside_hydrolysis,PMID:22113864,C21H20O9,416.110732,107971,C15H10O4,254.057909,5281708,,
genistin_genistein,core,genistin,O=c1c(-c2ccc(O)cc2)coc2cc(O[C@@H]3O[C@H](CO)[C@@H](O)[C@H](O)[C@H]3O)cc(O)c12,ZCOLJUOHXJRHDI-CMWLGVBASA-N,ZCOLJUOHXJRHDI,genistein,O=c1c(-c2ccc(O)cc2)coc2cc(O)cc(O)c12,TZBJGXHYKVUXJN-UHFFFAOYSA-N,TZBJGXHYKVUXJN,glycoside_hydrolysis,PMID:22113864,C21H20O10,432.105647,5281377,C15H10O5,270.052823,5280961,,
chlorogenic_acid_caffeic_acid,challenge,chlorogenic acid,O=C(/C=C/c1ccc(O)c(O)c1)O[C@@H]1C[C@](O)(C(=O)O)C[C@@H](O)[C@H]1O,CWVRJTMFETXNAD-JUHZACGLSA-N,CWVRJTMFETXNAD,caffeic acid,O=C(O)/C=C/c1ccc(O)c(O)c1,QAIPRVGONGVQAS-DUXPYHPUSA-N,QAIPRVGONGVQAS,phenolic_ester_hydrolysis,PMID:30113130,C16H18O9,354.095082,1794427,C9H8O4,180.042259,689043,one_step_phenolic_ester,medium
ellagic_acid_urolithin_a,challenge,ellagic acid,O=c1oc2c(O)c(O)cc3c(=O)oc4c(O)c(O)cc1c4c23,AFSDNFLWKVMVRB-UHFFFAOYSA-N,AFSDNFLWKVMVRB,urolithin A,O=c1oc2cc(O)ccc2c2ccc(O)cc12,RIUPLDUFZCXCHM-UHFFFAOYSA-N,RIUPLDUFZCXCHM,ellagitannin_urolithin_multistep,PMID:15998116,C14H6O8,302.006267,5281855,C13H8O4,228.042259,5488186,multistep_decarboxylation_dehydroxylation,high
daidzein_equol,challenge,daidzein,O=c1c(-c2ccc(O)cc2)coc2cc(O)ccc12,ZQSIJRDFPHDXIC-UHFFFAOYSA-N,ZQSIJRDFPHDXIC,equol,Oc1ccc([C@H]2COc3cc(O)ccc3C2)cc1,ADFCQWZHKCXPAJ-GFCCVEGCSA-N,ADFCQWZHKCXPAJ,isoflavone_reductive_metabolism,PMID:25594250,C15H10O4,254.057909,5281708,C15H14O3,242.094294,91469,multistep_reductive_transformation,high
secoisolariciresinol_diglucoside_secoisolariciresinol,challenge,secoisolariciresinol diglucoside,COc1cc(C[C@@H](CO[C@@H]2O[C@H](CO)[C@@H](O)[C@H](O)[C@H]2O)[C@H](CO[C@@H]2O[C@H](CO)[C@@H](O)[C@H](O)[C@H]2O)Cc2ccc(O)c(OC)c2)ccc1O,SBVBJPHMDABKJV-PGCJWIIOSA-N,SBVBJPHMDABKJV,secoisolariciresinol,COc1cc(C[C@@H](CO)[C@H](CO)Cc2ccc(O)c(OC)c2)ccc1O,PUETUDUXMCLALY-HOTGVXAUSA-N,PUETUDUXMCLALY,lignan_deglucosylation,PMID:11086885,C32H46O16,686.278585,9917980,C20H26O6,362.172939,65373,lignan_deglucosylation,medium
secoisolariciresinol_enterodiol,challenge,secoisolariciresinol,COc1cc(C[C@@H](CO)[C@H](CO)Cc2ccc(O)c(OC)c2)ccc1O,PUETUDUXMCLALY-HOTGVXAUSA-N,PUETUDUXMCLALY,enterodiol,OC[C@H](Cc1cccc(O)c1)[C@H](CO)Cc1cccc(O)c1,DWONJCNDULPHLV-HOTGVXAUSA-N,DWONJCNDULPHLV,lignan_multistep_demethylation_dehydroxylation,PMID:11086885,C20H26O6,362.172939,65373,C18H22O4,302.151809,115089,lignan_multistep,high
enterodiol_enterolactone,challenge,enterodiol,OC[C@H](Cc1cccc(O)c1)[C@H](CO)Cc1cccc(O)c1,DWONJCNDULPHLV-HOTGVXAUSA-N,DWONJCNDULPHLV,enterolactone,O=C1OC[C@@H](Cc2cccc(O)c2)[C@@H]1Cc1cccc(O)c1,HVDGDHBAMCBBLR-PBHICJAKSA-N,HVDGDHBAMCBBLR,lignan_oxidation,PMID:11086885,C18H22O4,302.151809,115089,C18H18O4,298.120509,114739,lignan_terminal_oxidation,medium
caffeic_acid_dihydrocaffeic_acid,challenge,caffeic acid,O=C(O)/C=C/c1ccc(O)c(O)c1,QAIPRVGONGVQAS-DUXPYHPUSA-N,QAIPRVGONGVQAS,dihydrocaffeic acid,O=C(O)CCc1ccc(O)c(O)c1,DZAUWHJDUNRCTF-UHFFFAOYSA-N,DZAUWHJDUNRCTF,hydroxycinnamate_reduction,PMID:5003182,C9H8O4,180.042259,689043,C9H10O4,182.057909,348154,phenolic_acid_side_chain_reduction,medium
ferulic_acid_dihydroferulic_acid,challenge,ferulic acid,COc1cc(/C=C/C(=O)O)ccc1O,KSEBMYQBYZTDHS-HWKANZROSA-N,KSEBMYQBYZTDHS,dihydroferulic acid,COc1cc(CCC(=O)O)ccc1O,BOLQJTPHPSDZHR-UHFFFAOYSA-N,BOLQJTPHPSDZHR,hydroxycinnamate_reduction,PMID:41698931,C10H10O4,194.057909,445858,C10H12O4,196.073559,14340,phenolic_acid_side_chain_reduction,medium
p_coumaric_acid_phloretic_acid,challenge,p-coumaric acid,O=C(O)/C=C/c1ccc(O)cc1,NGSWKAQJJWESNS-ZZXKWVIFSA-N,NGSWKAQJJWESNS,phloretic acid,O=C(O)CCc1ccc(O)cc1,NMHMNPHRMNGLLB-UHFFFAOYSA-N,NMHMNPHRMNGLLB,hydroxycinnamate_reduction,PMID:25261518,C9H8O3,164.047344,637542,C9H10O3,166.062994,10394,phenolic_acid_side_chain_reduction,medium
resveratrol_dihydroresveratrol,challenge,resveratrol,Oc1ccc(/C=C/c2cc(O)cc(O)c2)cc1,LUKBXSAWLPMMSZ-OWOJBTEDSA-N,LUKBXSAWLPMMSZ,dihydroresveratrol,Oc1ccc(CCc2cc(O)cc(O)c2)cc1,HITJFUSPLYBJPE-UHFFFAOYSA-N,HITJFUSPLYBJPE,stilbene_reduction,PMID:35634412,C14H12O3,228.078644,445154,C14H14O3,230.094294,185914,stilbene_double_bond_reduction,medium
resveratrol_lunularin,challenge,resveratrol,Oc1ccc(/C=C/c2cc(O)cc(O)c2)cc1,LUKBXSAWLPMMSZ-OWOJBTEDSA-N,LUKBXSAWLPMMSZ,lunularin,Oc1ccc(CCc2cccc(O)c2)cc1,ILEYXPCRQKRNIJ-UHFFFAOYSA-N,ILEYXPCRQKRNIJ,stilbene_dehydroxylation,PMID:35634412,C14H12O3,228.078644,445154,C14H14O2,214.09938,181511,stilbene_downstream_dehydroxylation,high
catechin_valerolactone,challenge,catechin,Oc1cc(O)c2c(c1)O[C@H](c1ccc(O)c(O)c1)[C@@H](O)C2,PFTAWBLQPZVEMU-DZGCQCFKSA-N,PFTAWBLQPZVEMU,"5-(3',4'-dihydroxyphenyl)-gamma-valerolactone",O=C1CCC(Cc2ccc(O)c(O)c2)O1,ZNXXWTPQHVLMQT-UHFFFAOYSA-N,ZNXXWTPQHVLMQT,flavanol_ring_fission,PMID:17977475,C15H14O6,290.079038,9064,C11H12O4,208.073559,152432,flavanol_valerolactone,high
epicatechin_valerolactone,challenge,epicatechin,Oc1cc(O)c2c(c1)O[C@H](c1ccc(O)c(O)c1)[C@H](O)C2,PFTAWBLQPZVEMU-UKRRQHHQSA-N,PFTAWBLQPZVEMU,"5-(3',4'-dihydroxyphenyl)-gamma-valerolactone",O=C1CCC(Cc2ccc(O)c(O)c2)O1,ZNXXWTPQHVLMQT-UHFFFAOYSA-N,ZNXXWTPQHVLMQT,flavanol_ring_fission,PMID:25045165,C15H14O6,290.079038,72276,C11H12O4,208.073559,152432,flavanol_valerolactone,high
naringenin_hydroxyphenylpropionic_acid,challenge,naringenin,O=C1C[C@@H](c2ccc(O)cc2)Oc2cc(O)cc(O)c21,FTVWIRXFELQLPI-ZDUSSCGKSA-N,FTVWIRXFELQLPI,3-(4-hydroxyphenyl)propionic acid,O=C(O)CCc1ccc(O)cc1,NMHMNPHRMNGLLB-UHFFFAOYSA-N,NMHMNPHRMNGLLB,flavanone_ring_fission,PMCID:PMC6930535,C15H12O5,272.068473,439246,C9H10O3,166.062994,10394,flavanone_ring_fission,high
quercetin_dihydroxyphenylacetic_acid,challenge,quercetin,O=c1c(O)c(-c2ccc(O)c(O)c2)oc2cc(O)cc(O)c12,REFJWTPEDVJJIY-UHFFFAOYSA-N,REFJWTPEDVJJIY,"3,4-dihydroxyphenylacetic acid",O=C(O)Cc1ccc(O)c(O)c1,CFFZDZCDUFSOFZ-UHFFFAOYSA-N,CFFZDZCDUFSOFZ,flavonol_ring_fission,PMCID:PMC7466208,C15H10O7,302.042653,5280343,C8H8O4,168.042259,547,flavonol_ring_fission,high
daidzein_dihydrodaidzein,challenge,daidzein,O=c1c(-c2ccc(O)cc2)coc2cc(O)ccc12,ZQSIJRDFPHDXIC-UHFFFAOYSA-N,ZQSIJRDFPHDXIC,dihydrodaidzein,O=C1c2ccc(O)cc2OCC1c1ccc(O)cc1,JHYXBPPMXZIHKG-UHFFFAOYSA-N,JHYXBPPMXZIHKG,isoflavone_reduction,DOI:10.1128/AEM.02058-08,C15H10O4,254.057909,5281708,C15H12O4,256.073559,176907,isoflavone_first_reduction,medium
genistein_dihydrogenistein,challenge,genistein,O=c1c(-c2ccc(O)cc2)coc2cc(O)cc(O)c12,TZBJGXHYKVUXJN-UHFFFAOYSA-N,TZBJGXHYKVUXJN,dihydrogenistein,O=C1c2c(O)cc(O)cc2OCC1c1ccc(O)cc1,UQGVUYNHDKMLSE-UHFFFAOYSA-N,UQGVUYNHDKMLSE,isoflavone_reduction,PMID:23542626,C15H10O5,270.052823,5280961,C15H12O5,272.068473,9838356,isoflavone_first_reduction,medium
puerarin_daidzein,challenge,puerarin,O=c1c(-c2ccc(O)cc2)coc2c([C@@H]3O[C@H](CO)[C@@H](O)[C@H](O)[C@H]3O)c(O)ccc12,HKEAFJYKMMKDOR-VPRICQMDSA-N,HKEAFJYKMMKDOR,daidzein,O=c1c(-c2ccc(O)cc2)coc2cc(O)ccc12,ZQSIJRDFPHDXIC-UHFFFAOYSA-N,ZQSIJRDFPHDXIC,isoflavone_c_glycoside_conversion,PMID:17142977,C21H20O9,416.110732,5281807,C15H10O4,254.057909,5281708,isoflavone_glycoside_conversion,medium
glycitin_glycitein,challenge,glycitin,COc1cc2c(=O)c(-c3ccc(O)cc3)coc2cc1O[C@@H]1O[C@H](CO)[C@@H](O)[C@H](O)[C@H]1O,OZBAVEKZGSOMOJ-MIUGBVLSSA-N,OZBAVEKZGSOMOJ,glycitein,COc1cc2c(=O)c(-c3ccc(O)cc3)coc2cc1O,DXYUAIFZCFRPTH-UHFFFAOYSA-N,DXYUAIFZCFRPTH,isoflavone_deglucosylation,PMID:26878882,C22H22O10,446.121297,187808,C16H12O5,284.068473,5317750,isoflavone_deglucosylation,medium
gallic_acid_pyrogallol,challenge,gallic acid,O=C(O)c1cc(O)c(O)c(O)c1,LNTHITQWFMADLM-UHFFFAOYSA-N,LNTHITQWFMADLM,pyrogallol,Oc1cccc(O)c1O,WQGWDDDVZFFDIG-UHFFFAOYSA-N,WQGWDDDVZFFDIG,gallate_decarboxylation,PMID:30054365,C7H6O5,170.021523,370,C6H6O3,126.031694,1057,gallate_decarboxylation,medium
urolithin_c_urolithin_a,challenge,urolithin C,O=c1oc2cc(O)ccc2c2cc(O)c(O)cc12,HHXMEXZVPJFAIJ-UHFFFAOYSA-N,HHXMEXZVPJFAIJ,urolithin A,O=c1oc2cc(O)ccc2c2ccc(O)cc12,RIUPLDUFZCXCHM-UHFFFAOYSA-N,RIUPLDUFZCXCHM,urolithin_dehydroxylation,PMCID:PMC11760930,C13H8O5,244.037173,60198001,C13H8O4,228.042259,5488186,urolithin_dehydroxylation,medium
punicalagin_ellagic_acid,challenge,punicalagin,O=CC1OC(=O)c2cc(O)c(O)c(O)c2-c2c(cc(O)c(O)c2O)C(=O)OC1C1OC(=O)c2cc(O)c(O)c(O)c2-c2c(O)c(O)c3oc(=O)c4c(c(O)c(O)c5oc(=O)c2c3c54)-c2c(cc(O)c(O)c2O)C(=O)OCC1O,SKNLUADAGHCXKF-UHFFFAOYSA-N,SKNLUADAGHCXKF,ellagic acid,O=c1oc2c(O)c(O)cc3c(=O)oc4c(O)c(O)cc1c4c23,AFSDNFLWKVMVRB-UHFFFAOYSA-N,AFSDNFLWKVMVRB,ellagitannin_hydrolysis,PMCID:PMC9801417,C48H28O30,1084.066539,16129719,C14H6O8,302.006267,5281855,ellagitannin_hydrolysis,high
