round,chebi_id,name,ascii_name,stars,formula,charge,smiles,inchikey,inchikey_block1,structure_status,raw_file
18,CHEBI:140317,phenyl sulfate oxoanion,phenyl sulfate oxoanion,3,C6O4SR5,-1,*c1c(*)c(*)c(OS(=O)(=O)[O-])c(*)c1*,,,missing_structure,data\curation\chebi_round18_raw\CHEBI_140317.json
18,CHEBI:141254,monogalactosyldiacylglycerol 34:2,monogalactosyldiacylglycerol 34:2,2,C43H78O10,0,[1*]C(=O)OC[C@H](CO[C@@H]1O[C@H](CO)[C@H](O)[C@H](O)[C@H]1O)OC([2*])=O,,,missing_structure,data\curation\chebi_round18_raw\CHEBI_141254.json
18,CHEBI:151635,"N-[(2R,3R,4R,5S,6R)-5-[(2S,3R,4S,5S,6R)-4-[(2S,3R,4R,5S,6R)-3-Acetamido-4-[(2R,3R,4S,5R,6R)-4,5-dihydroxy-6-(hydroxymethyl)-3-[(2S,3S,4R,5S,6S)-3,4,5-trihydroxy-6-methyloxan-2-yl]oxyoxan-2-yl]oxy-6-(hydroxymethyl)-5-[(2S,3S,4R,5S,6S)-3,4,5-trihydroxy-6-methyloxan-2-yl]oxyoxan-2-yl]oxy-3,5-dihydroxy-6-(hydroxymethyl)oxan-2-yl]oxy-2-[[(2R,3S,4S,5R,6S)-4-[(2S,3R,4R,5S,6R)-3-acetamido-4-[(2R,3R,4S,5R,6R)-4,5-dihydroxy-6-(hydroxymethyl)-3-[(2S,3S,4R,5S,6S)-3,4,5-trihydroxy-6-methyloxan-2-yl]oxyoxan-2-yl]oxy-6-(hydroxymethyl)-5-[(2S,3S,4R,5S,6S)-3,4,5-trihydroxy-6-methyloxan-2-yl]oxyoxan-2-yl]oxy-3,5-dihydroxy-6-[(2R,3S,4R,5R)-4,5,6-trihydroxy-2-(hydroxymethyl)oxan-3-yl]oxyoxan-2-yl]methoxy]-6-(hydroxymethyl)-4-[(2S,3S,4R,5S,6S)-3,4,5-trihydroxy-6-methyloxan-2-yl]oxyoxan-3-yl]acetamide","N-[(2R,3R,4R,5S,6R)-5-[(2S,3R,4S,5S,6R)-4-[(2S,3R,4R,5S,6R)-3-Acetamido-4-[(2R,3R,4S,5R,6R)-4,5-dihydroxy-6-(hydroxymethyl)-3-[(2S,3S,4R,5S,6S)-3,4,5-trihydroxy-6-methyloxan-2-yl]oxyoxan-2-yl]oxy-6-(hydroxymethyl)-5-[(2S,3S,4R,5S,6S)-3,4,5-trihydroxy-6-methyloxan-2-yl]oxyoxan-2-yl]oxy-3,5-dihydroxy-6-(hydroxymethyl)oxan-2-yl]oxy-2-[[(2R,3S,4S,5R,6S)-4-[(2S,3R,4R,5S,6R)-3-acetamido-4-[(2R,3R,4S,5R,6R)-4,5-dihydroxy-6-(hydroxymethyl)-3-[(2S,3S,4R,5S,6S)-3,4,5-trihydroxy-6-methyloxan-2-yl]oxyoxan-2-yl]oxy-6-(hydroxymethyl)-5-[(2S,3S,4R,5S,6S)-3,4,5-trihydroxy-6-methyloxan-2-yl]oxyoxan-2-yl]oxy-3,5-dihydroxy-6-[(2R,3S,4R,5R)-4,5,6-trihydroxy-2-(hydroxymethyl)oxan-3-yl]oxyoxan-2-yl]methoxy]-6-(hydroxymethyl)-4-[(2S,3S,4R,5S,6S)-3,4,5-trihydroxy-6-methyloxan-2-yl]oxyoxan-3-yl]acetamide",2,C84H141N3O61,0,CC(=O)N[C@@H]1[C@H](O[C@H]2[C@@H](O)[C@@H](CO[C@@H]3O[C@H](CO)[C@@H](O[C@@H]4O[C@H](CO)[C@H](O)[C@H](O[C@@H]5O[C@H](CO)[C@@H](O[C@@H]6O[C@@H](C)[C@@H](O)[C@@H](O)[C@@H]6O)[C@H](O[C@@H]6O[C@H](CO)[C@H](O)[C@H](O)[C@H]6O[C@@H]6O[C@@H](C)[C@@H](O)[C@@H](O)[C@@H]6O)[C@H]5NC(C)=O)[C@H]4O)[C@H](O[C@@H]4O[C@@H](C)[C@@H](O)[C@@H](O)[C@@H]4O)[C@H]3NC(C)=O)O[C@@H](O[C@H]3[C@H](O)[C@@H](O)C(O)O[C@@H]3CO)[C@@H]2O)O[C@H](CO)[C@@H](O[C@@H]2O[C@@H](C)[C@@H](O)[C@@H](O)[C@@H]2O)[C@@H]1O[C@@H]1O[C@H](CO)[C@H](O)[C@H](O)[C@H]1O[C@@H]1O[C@@H](C)[C@@H](O)[C@@H](O)[C@@H]1O,MFUCOUCXFOKVKI-YGXIEPALSA-N,MFUCOUCXFOKVKI,mapped,data\curation\chebi_round18_raw\CHEBI_151635.json
18,CHEBI:15343,acetaldehyde,acetaldehyde,3,C2H4O,0,[H]C(C)=O,IKHGUXGNUITLKF-UHFFFAOYSA-N,IKHGUXGNUITLKF,mapped,data\curation\chebi_round18_raw\CHEBI_15343.json
18,CHEBI:15354,choline,choline,3,C5H14NO,1,C[N+](C)(C)CCO,OEYIOHPDSNJKLS-UHFFFAOYSA-N,OEYIOHPDSNJKLS,mapped,data\curation\chebi_round18_raw\CHEBI_15354.json
18,CHEBI:15361,pyruvate,pyruvate,3,C3H3O3,-1,CC(=O)C(=O)[O-],LCTONWCANYUPML-UHFFFAOYSA-M,LCTONWCANYUPML,mapped,data\curation\chebi_round18_raw\CHEBI_15361.json
18,CHEBI:15377,water,water,3,H2O,0,[H]O[H],XLYOFNOQVPJJNP-UHFFFAOYSA-N,XLYOFNOQVPJJNP,mapped,data\curation\chebi_round18_raw\CHEBI_15377.json
18,CHEBI:15378,hydron,hydron,3,H,1,[H+],GPRLSGONYQIRFK-UHFFFAOYSA-N,GPRLSGONYQIRFK,mapped,data\curation\chebi_round18_raw\CHEBI_15378.json
18,CHEBI:15379,dioxygen,dioxygen,3,O2,0,O=O,MYMOFIZGZYHOMD-UHFFFAOYSA-N,MYMOFIZGZYHOMD,mapped,data\curation\chebi_round18_raw\CHEBI_15379.json
18,CHEBI:16189,sulfate,sulfate,3,O4S,-2,O=S(=O)([O-])[O-],QAOWNCQODCNURD-UHFFFAOYSA-L,QAOWNCQODCNURD,mapped,data\curation\chebi_round18_raw\CHEBI_16189.json
18,CHEBI:16347,(R)-carnitine,(R)-carnitine,3,C7H15NO3,0,C[N+](C)(C)C[C@H](O)CC(=O)[O-],PHIQHXFUZVPYII-ZCFIWIBFSA-N,PHIQHXFUZVPYII,mapped,data\curation\chebi_round18_raw\CHEBI_16347.json
18,CHEBI:16526,carbon dioxide,carbon dioxide,3,CO2,0,O=C=O,CURLTUGMZLYLDI-UHFFFAOYSA-N,CURLTUGMZLYLDI,mapped,data\curation\chebi_round18_raw\CHEBI_16526.json
18,CHEBI:16881,1H-indole,1H-indole,3,C8H7N,0,c1ccc2nccc2c1,SIKJAQJRHWYJAI-UHFFFAOYSA-N,SIKJAQJRHWYJAI,mapped,data\curation\chebi_round18_raw\CHEBI_16881.json
18,CHEBI:17282,3-(indol-3-yl)lactate,3-(indol-3-yl)lactate,3,C11H10NO3,-1,O=C([O-])C(O)Cc1cnc2ccccc12,XGILAAMKEQUXLS-UHFFFAOYSA-M,XGILAAMKEQUXLS,mapped,data\curation\chebi_round18_raw\CHEBI_17282.json
18,CHEBI:17573,glycyrrhetinate,glycyrrhetinate,3,C30H45O4,-1,[H][C@]12C(=O)C=C3[C@]4([H])C[C@@](C)(C(=O)[O-])CC[C@]4(C)CC[C@@]3(C)[C@]1(C)CC[C@@]1([H])C(C)(C)[C@@H](O)CC[C@]21C,MPDGHEJMBKOTSU-YKLVYJNSSA-M,MPDGHEJMBKOTSU,mapped,data\curation\chebi_round18_raw\CHEBI_17573.json
18,CHEBI:17640,3-(indol-3-yl)pyruvate,3-(indol-3-yl)pyruvate,3,C11H8NO3,-1,O=C([O-])C(=O)Cc1cnc2ccccc12,RSTKLPZEZYGQPY-UHFFFAOYSA-M,RSTKLPZEZYGQPY,mapped,data\curation\chebi_round18_raw\CHEBI_17640.json
18,CHEBI:28938,ammonium,ammonium,3,H4N,1,[H][N+]([H])([H])[H],QGZKDVFQNNGYKY-UHFFFAOYSA-O,QGZKDVFQNNGYKY,mapped,data\curation\chebi_round18_raw\CHEBI_28938.json
18,CHEBI:29807,glycyrrhizinate(3−),glycyrrhizinate(3-),3,C42H59O16,-3,[H][C@]12C(=O)C=C3[C@]4([H])C[C@@](C)(C(=O)[O-])CC[C@]4(C)CC[C@@]3(C)[C@]1(C)CC[C@@]1([H])C(C)(C)[C@@H](O[C@H]3O[C@H](C(=O)[O-])[C@@H](O)[C@H](O)[C@H]3O[C@@H]3O[C@H](C(=O)[O-])[C@@H](O)[C@H](O)[C@H]3O)CC[C@]21C,LPLVUJXQOOQHMX-QWBHMCJMSA-K,LPLVUJXQOOQHMX,mapped,data\curation\chebi_round18_raw\CHEBI_29807.json
18,CHEBI:30616,ATP(4−),ATP(4-),3,C10H12N5O13P3,-4,Nc1ncnc2c1ncn2[C@@H]1O[C@H](COP(=O)([O-])OP(=O)([O-])OP(=O)([O-])[O-])[C@@H](O)[C@H]1O,ZKHQWZAMYRWXGA-KQYNXXCUSA-J,ZKHQWZAMYRWXGA,mapped,data\curation\chebi_round18_raw\CHEBI_30616.json
18,CHEBI:30879,alcohol,alcohol,3,HOR,0,*O,,,missing_structure,data\curation\chebi_round18_raw\CHEBI_30879.json
18,CHEBI:33384,L-serine zwitterion,L-serine zwitterion,3,C3H7NO3,0,[NH3+][C@@H](CO)C(=O)[O-],MTCFGRXMJLQNBG-REOHCLBHSA-N,MTCFGRXMJLQNBG,mapped,data\curation\chebi_round18_raw\CHEBI_33384.json
18,CHEBI:33853,phenols,phenols,3,,0,*c1c(*)c(*)c(O)c(*)c1*,,,missing_structure,data\curation\chebi_round18_raw\CHEBI_33853.json
18,CHEBI:43474,hydrogenphosphate,hydrogenphosphate,3,HO4P,-2,O=P([O-])([O-])O,NBIIXXVUZAFLBC-UHFFFAOYSA-L,NBIIXXVUZAFLBC,mapped,data\curation\chebi_round18_raw\CHEBI_43474.json
18,CHEBI:57540,NAD(1−),NAD(1-),3,C21H26N7O14P2,-1,NC(=O)c1ccc[n+]([C@@H]2O[C@H](COP(=O)([O-])OP(=O)([O-])OC[C@H]3O[C@@H](n4cnc5c(N)ncnc54)[C@H](O)[C@@H]3O)[C@@H](O)[C@H]2O)c1,BAWFJGJZGIEFAR-NNYOXOHSSA-M,BAWFJGJZGIEFAR,mapped,data\curation\chebi_round18_raw\CHEBI_57540.json
18,CHEBI:57783,NADPH(4−),NADPH(4-),3,C21H26N7O17P3,-4,NC(=O)C1=CN([C@@H]2O[C@H](COP(=O)([O-])OP(=O)([O-])OC[C@H]3O[C@@H](n4cnc5c(N)ncnc54)[C@H](OP(=O)([O-])[O-])[C@@H]3O)[C@@H](O)[C@H]2O)C=CC1,ACFIXJIJDZMPPO-NNYOXOHSSA-J,ACFIXJIJDZMPPO,mapped,data\curation\chebi_round18_raw\CHEBI_57783.json
18,CHEBI:57887,tryptaminium,tryptaminium,3,C10H13N2,1,[NH3+]CCc1cnc2ccccc12,APJYDQYYACXCRM-UHFFFAOYSA-O,APJYDQYYACXCRM,mapped,data\curation\chebi_round18_raw\CHEBI_57887.json
18,CHEBI:57912,L-tryptophan zwitterion,L-tryptophan zwitterion,3,C11H12N2O2,0,[NH3+][C@@H](Cc1cnc2ccccc12)C(=O)[O-],QIVBCDIJIAJPQS-VIFPVBQESA-N,QIVBCDIJIAJPQS,mapped,data\curation\chebi_round18_raw\CHEBI_57912.json
18,CHEBI:57945,NADH(2−),NADH(2-),3,C21H27N7O14P2,-2,NC(=O)C1=CN([C@@H]2O[C@H](COP(=O)([O-])OP(=O)([O-])OC[C@H]3O[C@@H](n4cnc5c(N)ncnc54)[C@H](O)[C@@H]3O)[C@@H](O)[C@H]2O)C=CC1,BOPGDPNILDQYTO-NNYOXOHSSA-L,BOPGDPNILDQYTO,mapped,data\curation\chebi_round18_raw\CHEBI_57945.json
18,CHEBI:57972,L-alanine zwitterion,L-alanine zwitterion,3,C3H7NO2,0,C[C@H]([NH3+])C(=O)[O-],QNAYBMKLOCPYGJ-REOHCLBHSA-N,QNAYBMKLOCPYGJ,mapped,data\curation\chebi_round18_raw\CHEBI_57972.json
18,CHEBI:58052,UDP-α-D-glucuronate(3−),UDP-alpha-D-glucuronate(3-),3,C15H19N2O18P2,-3,O=C([O-])[C@H]1O[C@H](OP(=O)([O-])OP(=O)([O-])OC[C@H]2O[C@@H](n3ccc(=O)nc3=O)[C@H](O)[C@@H]2O)[C@H](O)[C@@H](O)[C@@H]1O,HDYANYHVCAPMJV-LXQIFKJMSA-K,HDYANYHVCAPMJV,mapped,data\curation\chebi_round18_raw\CHEBI_58052.json
18,CHEBI:58102,"2-N,6-O-disulfonato-D-glucosamine(2−)","2-N,6-O-disulfonato-D-glucosamine(2-)",3,C6H11NO11S2,-2,[H]C(=O)[C@H](NS(=O)(=O)[O-])[C@@H](O)[C@H](O)[C@H](O)COS(=O)(=O)[O-],BQSMUQUKNCGJCT-SLPGGIOYSA-L,BQSMUQUKNCGJCT,mapped,data\curation\chebi_round18_raw\CHEBI_58102.json
18,CHEBI:58150,"3-D-glucuronosyl-N2,6-disulfonato-β-D-glucosamine(3−)","3-D-glucuronosyl-N(2),6-disulfonato-beta-D-glucosamine(3-)",3,C12H18NO17S2,-3,O=C([O-])[C@H]1OC(O[C@H]2[C@H](O)[C@@H](COS(=O)(=O)[O-])O[C@@H](O)[C@@H]2NS(=O)(=O)[O-])[C@H](O)[C@@H](O)[C@@H]1O,CRPMVGCTWVCEFA-STDISIGGSA-K,CRPMVGCTWVCEFA,mapped,data\curation\chebi_round18_raw\CHEBI_58150.json
18,CHEBI:58223,UDP(3−),UDP(3-),3,C9H11N2O12P2,-3,O=c1ccn([C@@H]2O[C@H](COP(=O)([O-])OP(=O)([O-])[O-])[C@@H](O)[C@H]2O)c(=O)n1,XCCTYIAWTASOJW-XVFCMESISA-K,XCCTYIAWTASOJW,mapped,data\curation\chebi_round18_raw\CHEBI_58223.json
18,CHEBI:58230,2-(β-D-glucopyranosyluronate)-D-glucuronate(2−),2-(beta-D-glucopyranosyluronate)-D-glucuronate(2-),3,C12H16O13,-2,O=C([O-])[C@H]1O[C@@H](O[C@@H]2[C@@H](O)[C@H](O)[C@@H](C(=O)[O-])O[C@H]2O)[C@H](O)[C@@H](O)[C@@H]1O,IMNADAQGVSDVMI-CCLDAEICSA-L,IMNADAQGVSDVMI,mapped,data\curation\chebi_round18_raw\CHEBI_58230.json
18,CHEBI:58349,NADP(3−),NADP(3-),3,C21H25N7O17P3,-3,NC(=O)c1ccc[n+]([C@@H]2O[C@H](COP(=O)([O-])OP(=O)([O-])OC[C@H]3O[C@@H](n4cnc5c(N)ncnc54)[C@H](OP(=O)([O-])[O-])[C@@H]3O)[C@@H](O)[C@H]2O)c1,XJLXINKUBYWONI-NNYOXOHSSA-K,XJLXINKUBYWONI,mapped,data\curation\chebi_round18_raw\CHEBI_58349.json
18,CHEBI:58389,trimethylammonium,trimethylammonium,3,C3H10N,1,C[NH+](C)C,GETQZCLCWQTVFV-UHFFFAOYSA-O,GETQZCLCWQTVFV,mapped,data\curation\chebi_round18_raw\CHEBI_58389.json
18,CHEBI:58720,D-glucopyranuronate,D-glucopyranuronate,3,C6H9O7,-1,O=C([O-])[C@H]1OC(O)[C@H](O)[C@@H](O)[C@@H]1O,AEMOLEFTQBMNLQ-AQKNRBDQSA-M,AEMOLEFTQBMNLQ,mapped,data\curation\chebi_round18_raw\CHEBI_58720.json
18,CHEBI:58866,"(1S,2R)-1-C-(indol-3-yl)glycerol 3-phosphate(2−)","(1S,2R)-1-C-(indol-3-yl)glycerol 3-phosphate(2-)",3,C11H12NO6P,-2,O=P([O-])([O-])OC[C@@H](O)[C@@H](O)c1cnc2ccccc12,NQEQTYPJSIEPHW-MNOVXSKESA-L,NQEQTYPJSIEPHW,mapped,data\curation\chebi_round18_raw\CHEBI_58866.json
18,CHEBI:59776,D-glyceraldehyde 3-phosphate(2−),D-glyceraldehyde 3-phosphate(2-),3,C3H5O6P,-2,[H]C(=O)[C@H](O)COP(=O)([O-])[O-],LXJXRIRHZLFYRP-VKHMYHEASA-L,LXJXRIRHZLFYRP,mapped,data\curation\chebi_round18_raw\CHEBI_59776.json
18,CHEBI:61283,baicalin(1−),baicalin(1-),3,C21H17O11,-1,O=C([O-])[C@H]1O[C@@H](Oc2cc3oc(-c4ccccc4)cc(=O)c3c(O)c2O)[C@H](O)[C@@H](O)[C@@H]1O,IKIIZLYTISPENI-ZFORQUDYSA-M,IKIIZLYTISPENI,mapped,data\curation\chebi_round18_raw\CHEBI_61283.json
18,CHEBI:62932,mycophenolate,mycophenolate,3,C17H19O6,-1,COc1c(C)c2c(c(O)c1C/C=C(\C)CCC(=O)[O-])C(=O)OC2,HPNSFSBZBAHARI-RUDMXATFSA-M,HPNSFSBZBAHARI,mapped,data\curation\chebi_round18_raw\CHEBI_62932.json
18,CHEBI:66982,mycophenolic acid O-acyl-glucuronide(1−),mycophenolic acid O-acyl-glucuronide(1-),3,C23H27O12,-1,COc1c(C)c2c(c(O)c1C/C=C(\C)CCC(=O)O[C@@H]1O[C@H](C(=O)[O-])[C@@H](O)[C@H](O)[C@H]1O)C(=O)OC2,QBMSTEZXAMABFF-UEARNRKISA-M,QBMSTEZXAMABFF,mapped,data\curation\chebi_round18_raw\CHEBI_66982.json
18,CHEBI:78017,food propellant,food propellant,3,,,,,,missing_structure,data\curation\chebi_round18_raw\CHEBI_78017.json
18,CHEBI:78324,baicalein(1−),baicalein(1-),3,C15H9O5,-1,O=c1cc(-c2ccccc2)oc2cc([O-])c(O)c(O)c12,FXNFHKRTJBSTCS-UHFFFAOYSA-M,FXNFHKRTJBSTCS,mapped,data\curation\chebi_round18_raw\CHEBI_78324.json
18,CHEBI:83411,β-D-glucosiduronate,beta-D-glucosiduronate,3,C6H8O7R,-1,*O[C@@H]1O[C@H](C(=O)[O-])[C@@H](O)[C@H](O)[C@H]1O,,,missing_structure,data\curation\chebi_round18_raw\CHEBI_83411.json
18,CHEBI:58899,,,,,,,,,lookup_failed_or_missing_raw,
