round,priority_rank,module,priority_family,local_fullrule_recall,challenge_case_count,known_gold_missing_clean_candidate_keys,pubmed_ids_returned_round14,rhea_reactions_returned_round14,rhea_positive_candidates_round14,blocker_type_round14,judgment_round14,production_action
14,1,A,polyphenol_ring_fission,0.44,4,,11,27,0,evidence_extraction_gap,"There is external evidence, but it is not yet exact/source-mapped enough for labels.",collect_verify_map_before_training
14,2,A,urolithin_dehydroxylation,0.5455,3,HHXMEXZVPJFAIJ__RIUPLDUFZCXCHM,10,0,0,generator_recall_blocker_plus_family_coverage,Existing gold edge is missing from clean candidates; fix generator before retraining or duplicate imports.,fix_generator_then_curate_labels
14,3,A,hydroxycinnamate_reduction_and_hydrolysis,0.6429,4,,1,24,1,source_backed_sample_coverage_gap,Rhea provides source-backed reactions that can expand positives after mapping and generator checks.,collect_verify_map_before_training
14,4,A,isoflavone_reductive_and_glycoside_metabolism,0.625,5,,20,6,1,source_backed_sample_coverage_gap,Rhea provides source-backed reactions that can expand positives after mapping and generator checks.,collect_verify_map_before_training
14,5,A,lignan_redox_and_deglycosylation,0.6279,3,HGXBRUKMWQGOIE__MHXCIKYXNYCMHY,3,8,0,generator_recall_blocker_plus_family_coverage,Existing gold edge is missing from clean candidates; fix generator before retraining or duplicate imports.,fix_generator_then_curate_labels
14,6,A,prenylflavonoid_o_demethylation,0.6667,0,YKGCBLWILMDSAV__LPEPZZAVFJPLNZ,5,2,0,generator_recall_blocker_plus_family_coverage,Existing gold edge is missing from clean candidates; fix generator before retraining or duplicate imports.,fix_generator_then_curate_labels
14,7,B,glycoside_and_hmo_hydrolysis,0.7407,3,SNFSYLYCDAVZGP__SHZGCJCMOBCMKK,20,3,0,generator_recall_blocker_plus_family_coverage,Existing gold edge is missing from clean candidates; fix generator before retraining or duplicate imports.,fix_generator_then_curate_labels
14,8,D,bile_acid_deconjugation_and_lipid_context,0.7872,0,,0,13,2,source_backed_sample_coverage_gap,Rhea provides source-backed reactions that can expand positives after mapping and generator checks.,collect_verify_map_before_training
14,9,C,amino_acid_catabolism_and_redox,0.5122,0,,0,0,0,source_sparsity_gap,Public exact-reaction evidence is sparse; do not invent reactions or treat no-hit as negative.,collect_verify_map_before_training
